risk_tier,n,observed_event_rate,mean_predicted_risk,patient_proportion
Low <20%,5,0.2,0.178126454891956,0.00037815761609438813
Intermediate 20%-40%,182,0.3516483516483517,0.3484937873283342,0.013764937225835728
High 40%-60%,2798,0.5675482487491065,0.5193659333624102,0.2116170019664196
Very high >=60%,10237,0.8015043469766533,0.7916847050286216,0.7742399031916503
