threshold,TP,FP,TN,FN,sensitivity,specificity,PPV,NPV
0.2,9857,3360,4,1,0.9998985595455467,0.0011890606420927466,0.7457819474918665,0.8
0.3,9849,3348,16,9,0.9990870359099209,0.0047562425683709865,0.7463059786315072,0.64
0.4,9793,3242,122,65,0.9934063704605397,0.03626634958382877,0.7512850019179134,0.6524064171122995
0.5,9285,2736,628,573,0.9418746195982958,0.18668252080856124,0.7723983029698028,0.5228975853455454
0.6,8205,2032,1332,1653,0.832318928788801,0.39595719381688466,0.8015043469766533,0.4462311557788945
0.7,6693,1305,2059,3165,0.6789409616555082,0.6120689655172413,0.8368342085521381,0.39414241960183766
